{
  "benchmark_info": {
    "num_runs_per_config": 10,
    "total_configs": 8,
    "timestamp": "2025-12-14 16:07:13"
  },
  "results": [
    {
      "config_name": "Baseline (K=1, L=1, N=5, T=3)",
      "N": 5,
      "T": 3,
      "K": 1,
      "L": 1,
      "num_runs": 10,
      "keygen_time_avg": 0.02081106696277857,
      "sign_time_avg": 0.02241602321155369,
      "sign_time_std": 0.012509015067093008,
      "sign_time_min": 0.011357557028532028,
      "sign_time_max": 0.04715782077983022,
      "sign_time_median": 0.01685654022730887,
      "verify_time_avg": 0.003795464476570487,
      "verify_time_std": 3.253119339890053e-05,
      "verify_time_min": 0.0037720007821917534,
      "verify_time_max": 0.0038848803378641605,
      "attempts_avg": 3,
      "attempts_std": 2.211083193570267,
      "attempts_min": 1,
      "attempts_max": 7,
      "attempts_median": 2.0,
      "local_rejections_avg": 0,
      "commitment_time_avg": 0.0045949032796280724,
      "response_time_avg": 0.0010697172954678535,
      "signature_size_bytes": 1792,
      "signature_size_kb": 1.75,
      "throughput_signs_per_sec": 44.61094595425735,
      "signature_size_theoretical": 800,
      "apk_size_bytes": 1024
    },
    {
      "config_name": "Dilithium 2 (K=4, L=4, N=5, T=3)",
      "N": 5,
      "T": 3,
      "K": 4,
      "L": 4,
      "num_runs": 10,
      "keygen_time_avg": 0.05479690991342068,
      "sign_time_avg": 0.13898547226563096,
      "sign_time_std": 0.06275243089961091,
      "sign_time_min": 0.07015728205442429,
      "sign_time_max": 0.25633731205016375,
      "sign_time_median": 0.13284744718112051,
      "verify_time_avg": 0.0247725710272789,
      "verify_time_std": 0.000939490714589491,
      "verify_time_min": 0.024275931995362043,
      "verify_time_max": 0.02732684463262558,
      "attempts_avg": 3.2,
      "attempts_std": 2.043961295567452,
      "attempts_min": 1,
      "attempts_max": 7,
      "attempts_median": 3.0,
      "local_rejections_avg": 0,
      "commitment_time_avg": 0.028474302394759086,
      "response_time_avg": 0.0035813362803310154,
      "signature_size_bytes": 4096,
      "signature_size_kb": 4.0,
      "throughput_signs_per_sec": 7.194996597117619,
      "signature_size_theoretical": 3104,
      "apk_size_bytes": 4096
    },
    {
      "config_name": "Dilithium 3 (K=6, L=5, N=5, T=3)",
      "N": 5,
      "T": 3,
      "K": 6,
      "L": 5,
      "num_runs": 10,
      "keygen_time_avg": 0.06963583827018738,
      "sign_time_avg": 0.20605752235278488,
      "sign_time_std": 0.10116983932745706,
      "sign_time_min": 0.11964614829048514,
      "sign_time_max": 0.3773679197765887,
      "sign_time_median": 0.1698484520893544,
      "verify_time_avg": 0.040734841767698524,
      "verify_time_std": 0.0002233742978849487,
      "verify_time_min": 0.04054562794044614,
      "verify_time_max": 0.04126577312126756,
      "attempts_avg": 2.7,
      "attempts_std": 2.0027758514399734,
      "attempts_min": 1,
      "attempts_max": 6,
      "attempts_median": 2.0,
      "local_rejections_avg": 0,
      "commitment_time_avg": 0.04730222917472323,
      "response_time_avg": 0.004284589132294059,
      "signature_size_bytes": 4864,
      "signature_size_kb": 4.75,
      "throughput_signs_per_sec": 4.853013802077704,
      "signature_size_theoretical": 3872,
      "apk_size_bytes": 6144
    },
    {
      "config_name": "Dilithium 5 (K=8, L=7, N=5, T=3)",
      "N": 5,
      "T": 3,
      "K": 8,
      "L": 7,
      "num_runs": 10,
      "keygen_time_avg": 0.10257103899493814,
      "sign_time_avg": 0.42174490839242934,
      "sign_time_std": 0.19116797027397547,
      "sign_time_min": 0.20325908530503511,
      "sign_time_max": 0.6868844986893237,
      "sign_time_median": 0.36450036778114736,
      "verify_time_avg": 0.06973145906813442,
      "verify_time_std": 0.0034572905139976726,
      "verify_time_min": 0.06811874313279986,
      "verify_time_max": 0.07950945803895593,
      "attempts_avg": 3.6,
      "attempts_std": 2.2211108331943574,
      "attempts_min": 1,
      "attempts_max": 6,
      "attempts_median": 3.0,
      "local_rejections_avg": 0,
      "commitment_time_avg": 0.07821286291194458,
      "response_time_avg": 0.006384638929739594,
      "signature_size_bytes": 6400,
      "signature_size_kb": 6.25,
      "throughput_signs_per_sec": 2.371101535787861,
      "signature_size_theoretical": 5408,
      "apk_size_bytes": 8192
    },
    {
      "config_name": "Dilithium 3 (N=7, T=4)",
      "N": 7,
      "T": 4,
      "K": 6,
      "L": 5,
      "num_runs": 10,
      "keygen_time_avg": 0.1083281822502613,
      "sign_time_avg": 0.30928926360793413,
      "sign_time_std": 0.22590636729696612,
      "sign_time_min": 0.14324053190648556,
      "sign_time_max": 0.7318758280016482,
      "sign_time_median": 0.20816630637273192,
      "verify_time_avg": 0.04101255852729082,
      "verify_time_std": 0.0004274416091084066,
      "verify_time_min": 0.04068644577637315,
      "verify_time_max": 0.04218333587050438,
      "attempts_avg": 3.5,
      "attempts_std": 3.4075080500434787,
      "attempts_min": 1,
      "attempts_max": 10,
      "attempts_median": 2.0,
      "local_rejections_avg": 0,
      "commitment_time_avg": 0.062029887417124376,
      "response_time_avg": 0.005602810578420758,
      "signature_size_bytes": 4864,
      "signature_size_kb": 4.75,
      "throughput_signs_per_sec": 3.2332192470399974,
      "signature_size_theoretical": 3872,
      "apk_size_bytes": 6144
    },
    {
      "config_name": "Dilithium 3 (N=10, T=6)",
      "N": 10,
      "T": 6,
      "K": 6,
      "L": 5,
      "num_runs": 10,
      "keygen_time_avg": 0.19612465240061283,
      "sign_time_avg": 1.4657089898362756,
      "sign_time_std": 1.6211401682929811,
      "sign_time_min": 0.19377314299345016,
      "sign_time_max": 5.228140523191541,
      "sign_time_median": 0.8717229082249105,
      "verify_time_avg": 0.04175514779053628,
      "verify_time_std": 0.0018798275658208439,
      "verify_time_min": 0.04064455209299922,
      "verify_time_max": 0.0467588659375906,
      "attempts_avg": 14.1,
      "attempts_std": 16.79583281650541,
      "attempts_min": 1,
      "attempts_max": 53,
      "attempts_median": 8.0,
      "local_rejections_avg": 0,
      "commitment_time_avg": 0.09284298658043806,
      "response_time_avg": 0.008236675802618266,
      "signature_size_bytes": 4864,
      "signature_size_kb": 4.75,
      "throughput_signs_per_sec": 0.6822636737130904,
      "signature_size_theoretical": 3872,
      "apk_size_bytes": 6144
    },
    {
      "config_name": "Dilithium 3 (N=10, T=5 - 50% threshold)",
      "N": 10,
      "T": 5,
      "K": 6,
      "L": 5,
      "num_runs": 10,
      "keygen_time_avg": 0.17005784204229712,
      "sign_time_avg": 0.697744505899027,
      "sign_time_std": 0.4757240325719213,
      "sign_time_min": 0.2522180927917361,
      "sign_time_max": 1.7186915026977658,
      "sign_time_median": 0.49615974887274206,
      "verify_time_avg": 0.040665890416130425,
      "verify_time_std": 0.00019426458055157148,
      "verify_time_min": 0.04046600731089711,
      "verify_time_max": 0.040973186027258635,
      "attempts_avg": 7.5,
      "attempts_std": 5.854722690083432,
      "attempts_min": 2,
      "attempts_max": 20,
      "attempts_median": 5.0,
      "local_rejections_avg": 0,
      "commitment_time_avg": 0.07685635175323113,
      "response_time_avg": 0.007087309798225761,
      "signature_size_bytes": 4864,
      "signature_size_kb": 4.75,
      "throughput_signs_per_sec": 1.4331893573443821,
      "signature_size_theoretical": 3872,
      "apk_size_bytes": 6144
    },
    {
      "config_name": "Dilithium 3 (N=10, T=7 - 70% threshold)",
      "N": 10,
      "T": 7,
      "K": 6,
      "L": 5,
      "num_runs": 10,
      "keygen_time_avg": 0.22344333305954933,
      "sign_time_avg": 2.6081989704165607,
      "sign_time_std": 1.5562423157054828,
      "sign_time_min": 1.0011796280741692,